融资方,投资机构,融资金额,轮次,投资时间,Url

元宝铺,腾讯,10000万人民币,其他,2016-03-25,http://if.pedaily.cn/invest/50006588.shtml
大特保,开发金控CDIB Venture Capital，联创策源，复星昆仲,2000万美元,B轮,2016-03-25,http://if.pedaily.cn/invest/50006589.shtml
益民互融,富汇金融,N/A,A轮,2016-03-25,http://if.pedaily.cn/invest/50006590.shtml
慧理财,联想乐基金,2000万人民币,天使投资,2016-03-24,http://if.pedaily.cn/invest/50006586.shtml
网融天下,非公开投资机构,N/A,C轮,2016-03-24,http://if.pedaily.cn/invest/50006587.shtml
众筹客,小牛资本,N/A,A轮,2016-03-22,http://if.pedaily.cn/invest/50006579.shtml
慧择保险,万融资本，创东方投资，考拉产业基金(拉卡拉),20000万人民币,B轮,2016-03-21,http://if.pedaily.cn/invest/50006577.shtml
91征信,非公开投资机构,N/A,pre-A轮,2016-03-21,http://if.pedaily.cn/invest/50006582.shtml
奇子投资,中科招商,N/A,A轮,2016-03-21,http://if.pedaily.cn/invest/50006584.shtml
紫晶通财基金,基打新基金,15000万美元,B轮,2016-03-18,http://if.pedaily.cn/invest/50006585.shtml
农发贷,诺普信/王俊,9000万人民币,pre-A轮,2016-03-18,http://if.pedaily.cn/invest/50006583.shtml
运金所,玖创资本，险峰长青(险峰华兴)，唯猎资本,1000万人民币,天使投资,2016-03-17,http://if.pedaily.cn/invest/50006578.shtml
口袋记账,深圳启赋资本，丰厚资本,1600万人民币,pre-A轮,2016-03-17,http://if.pedaily.cn/invest/50006576.shtml
保险极客,复星昆仲，联想之星，博思投资,N/A,A轮,2016-03-15,http://if.pedaily.cn/invest/50006581.shtml
人企贷,上海荣焘投资管理有限公司,2000万人民币,A轮,2016-03-14,http://if.pedaily.cn/invest/50006574.shtml
财富函数,招银国际,N/A,并购,2016-03-08,http://if.pedaily.cn/invest/50006580.shtml
国融互联网金融,未透露,500万人民币,天使投资,2016-03-08,http://if.pedaily.cn/invest/50006572.shtml
e葱金融,诺辉岭南,1000万人民币,天使投资,2016-03-08,http://if.pedaily.cn/invest/50006573.shtml
时间价值,汇川技术控股股东、前海安星资产管理有限公司,2000万人民币,A轮,2016-03-07,http://if.pedaily.cn/invest/50006571.shtml
健一会,未公开,N/A,天使投资,2016-03-05,http://if.pedaily.cn/invest/50006570.shtml
融资方,投资机构,融资金额,轮次,投资时间,Url

超级生活,天使投资人王刚,N/A,天使投资,2016-02-26,http://if.pedaily.cn/invest/50006575.shtml
脉保,PreAngel,N/A,天使投资,2016-02-25,http://if.pedaily.cn/invest/50006564.shtml
高搜易理财,海尔投资，创东方投资,8000万人民币,A轮,2016-02-24,http://if.pedaily.cn/invest/50006566.shtml
小狗钱钱,中甬经贸发展（上海）中心,8000万人民币,A+,2016-02-23,http://if.pedaily.cn/invest/50006565.shtml
AU金管家,中信信托,1000万人民币,pre-A轮,2016-02-23,http://if.pedaily.cn/invest/50006563.shtml
聚募网,鼎聚投资，阿米巴资本,N/A,A轮,2016-02-20,http://if.pedaily.cn/invest/50006568.shtml
易界网/DealGlobe,欧擎欣锦(欧擎集团),N/A,pre-A轮,2016-02-18,http://if.pedaily.cn/invest/50006567.shtml
PosPal银豹收银系统,创新工场,N/A,A轮,2016-02-09,http://if.pedaily.cn/invest/50006561.shtml
AllPay,未公开,150万美元,A轮,2016-02-06,http://if.pedaily.cn/invest/50006559.shtml
和金在线,晨兴资本，红点投资Redpoint Ventures,N/A,A轮,2016-02-05,http://if.pedaily.cn/invest/50006560.shtml
向右转,未公开,2000万人民币,天使投资,2016-02-03,http://if.pedaily.cn/invest/50006553.shtml
黄金钱包,未公开,5000万人民币,B轮,2016-02-03,http://if.pedaily.cn/invest/50006554.shtml
华尔街见闻,华人文化产业基金,10000万人民币,C轮,2016-02-02,http://if.pedaily.cn/invest/50006555.shtml
Kaistart开始众筹,经纬中国，元璟资本,N/A,A+,2016-02-02,http://if.pedaily.cn/invest/50006556.shtml
Maxent猛犸反欺诈,未透露,N/A,A轮,2016-02-02,http://if.pedaily.cn/invest/50006569.shtml
前隆金融,华晟资本-华兴资本，蓝湖资本，红杉资本中国,3500万美元,B轮,2016-02-01,http://if.pedaily.cn/invest/50006557.shtml
光合作用,陶石资本，天使投资人王刚,N/A,天使投资,2016-02-01,http://if.pedaily.cn/invest/50006558.shtml
融道网,上汽投资(尚颀资本)，云赛创投,N/A,B轮,2016-01-29,http://if.pedaily.cn/invest/50006551.shtml
票据客/富商金融,春泉创投,N/A,B轮,2016-01-29,http://if.pedaily.cn/invest/50006552.shtml
微众银行,华平投资，Temasek淡马锡,45000万美元,A轮,2016-01-28,http://if.pedaily.cn/invest/50006547.shtml
融资方,投资机构,融资金额,轮次,投资时间,Url

花生金融,光大瑞华,N/A,B轮,2016-01-27,http://if.pedaily.cn/invest/50006548.shtml
新联在线,Kingsland Development,5000万人民币,A轮,2016-01-27,http://if.pedaily.cn/invest/50006549.shtml
大麦理财,升达林业,1000万人民币,C轮,2016-01-27,http://if.pedaily.cn/invest/50006550.shtml
借贷宝,未公开,250000万人民币,A轮,2016-01-26,http://if.pedaily.cn/invest/50006545.shtml
沃·佰付美,未公开,2500万人民币,A轮,2016-01-22,http://if.pedaily.cn/invest/50006546.shtml
WeLab我来贷,ING(荷兰国际集团)，粤科金融集团、马来西亚国家主权基金,100000万人民币,B轮,2016-01-20,http://if.pedaily.cn/invest/50006541.shtml
赢众投,天使投资人邵根伙,500万人民币,天使投资,2016-01-20,http://if.pedaily.cn/invest/50006542.shtml
贝壳金服,盾安集团旗下江苏森、农林科技有限公司,N/A,A轮,2016-01-20,http://if.pedaily.cn/invest/50006543.shtml
蚂蚁白领,正保远程教育,2070万人民币,pre-A轮,2016-01-19,http://if.pedaily.cn/invest/50006544.shtml
石头理财,天石资本,5000万人民币,A轮,2016-01-18,http://if.pedaily.cn/invest/50006540.shtml
乐享易购享分期,李圆峰与创始团队,300万人民币,天使投资,2016-01-17,http://if.pedaily.cn/invest/50006538.shtml
京东金融,红杉资本中国，丰实资本- 嘉实基金，中国太平,665000万人民币,A轮,2016-01-16,http://if.pedaily.cn/invest/50006537.shtml
磁金融,经纬中国,N/A,天使投资,2016-01-11,http://if.pedaily.cn/invest/50006532.shtml
短融网,辅仁集团,39000万人民币,B轮,2016-01-11,http://if.pedaily.cn/invest/50006533.shtml
超交易,联想控股，太冠资本，耀途资本,N/A,A轮,2016-01-08,http://if.pedaily.cn/invest/50006534.shtml
穗金所,瑞财基金,N/A,A轮,2016-01-08,http://if.pedaily.cn/invest/50006535.shtml
陆金所,腾讯,90000万美元,B轮,2016-01-08,http://if.pedaily.cn/invest/50006531.shtml
玖融网,天鸽互动,5000万人民币,A轮,2016-01-08,http://if.pedaily.cn/invest/50006527.shtml
趣分期,未公开,N/A,E轮,2016-01-06,http://if.pedaily.cn/invest/50006528.shtml
烧饼猫,未公开,500万人民币,天使投资,2016-01-06,http://if.pedaily.cn/invest/50006529.shtml
融资方,投资机构,融资金额,轮次,投资时间,Url

米多财富,卫星石化,N/A,B轮,2016-01-04,http://if.pedaily.cn/invest/50006530.shtml
PingPlusPlus拼谱啦,宽带资本CBC，盛景网联，红杉资本中国，线性资本LinearVenture,1000万美元,B轮,2016-01-04,http://if.pedaily.cn/invest/50006523.shtml
金评媒,无穹创投,5000万人民币,A轮,2015-12-29,http://if.pedaily.cn/invest/50006524.shtml
微金所,海航资本,30000万人民币,A轮,2015-12-29,http://if.pedaily.cn/invest/50006526.shtml
君融贷,春晓资本,10000万人民币,A轮,2015-12-29,http://if.pedaily.cn/invest/50006536.shtml
小鹅e贷,鹏涛资产,1600万人民币,A轮,2015-12-29,http://if.pedaily.cn/invest/50006521.shtml
人人理财师,陶石资本,N/A,天使投资,2015-12-29,http://if.pedaily.cn/invest/50006522.shtml
小雨伞保险,红杉资本中国，信天创投,N/A,A轮,2015-12-28,http://if.pedaily.cn/invest/50006520.shtml
51理财,同系资本,N/A,A轮,2015-12-27,http://if.pedaily.cn/invest/50006539.shtml
车爱保,德沃创业/德沃基金，梅花天使创投,N/A,天使投资,2015-12-25,http://if.pedaily.cn/invest/50006525.shtml
易宝金融,天鑫洋金业，沃石投资，国泰创投,2000万美元,B轮,2015-12-25,http://if.pedaily.cn/invest/50006512.shtml
考拉理财,伯藜创投,2000万人民币,A轮,2015-12-23,http://if.pedaily.cn/invest/50006513.shtml
铜掌柜,浙银资本,3500万人民币,A轮,2015-12-21,http://if.pedaily.cn/invest/50006514.shtml
玖富咨询,戈壁投资,N/A,天使投资,2015-12-21,http://if.pedaily.cn/invest/50006515.shtml
宜人贷,未公开,N/A,上市,2015-12-18,http://if.pedaily.cn/invest/50006517.shtml
宜人贷,百度,1000万美元,F轮,2015-12-17,http://if.pedaily.cn/invest/50006516.shtml
房金所,未公开,5000万人民币,pre-A轮,2015-12-16,http://if.pedaily.cn/invest/50006518.shtml
八条鱼,天津津报金控,N/A,A轮,2015-12-15,http://if.pedaily.cn/invest/50006509.shtml
票交网,江南春、易欢欢,1000万人民币,天使投资,2015-12-15,http://if.pedaily.cn/invest/50006511.shtml
大数金融,太盟投资集团(PAG)，红杉资本中国,50000万人民币,B轮,2015-12-14,http://if.pedaily.cn/invest/50006510.shtml
融资方,投资机构,融资金额,轮次,投资时间,Url

凤凰金融,中信资本，国科嘉和，东方资产,8000万美元,A轮,2015-12-12,http://if.pedaily.cn/invest/50006507.shtml
紫晶通财基金,Tiger老虎基金(中国),6000万美元,A轮,2015-12-10,http://if.pedaily.cn/invest/50006506.shtml
中国邮政储蓄银行,JPMorgan摩根大通，Temasek淡马锡/兰亭投资，蚂蚁金服-阿里巴巴，腾讯,4510000万人民币,并购,2015-12-09,http://if.pedaily.cn/invest/50006505.shtml
大乔易贷,嘉烨地产、太极集团,6000万人民币,并购,2015-12-08,http://if.pedaily.cn/invest/50006501.shtml
恒信易贷,珠南集团,10000万人民币,A轮,2015-12-08,http://if.pedaily.cn/invest/50006502.shtml
点石微投行,未公开,N/A,天使投资,2015-12-08,http://if.pedaily.cn/invest/50006503.shtml
淘梦网,未公开,N/A,A轮,2015-12-08,http://if.pedaily.cn/invest/50006504.shtml
PPmoney,未公开,18900万人民币,上市,2015-12-07,http://if.pedaily.cn/invest/50006500.shtml
润客投资,春泉创投,1600万人民币,pre-A轮,2015-12-03,http://if.pedaily.cn/invest/50006508.shtml
赚赚金融,未公开,N/A,天使投资,2015-11-29,http://if.pedaily.cn/invest/50006430.shtml
维信理财,永宣联创,N/A,B轮,2015-11-26,http://if.pedaily.cn/invest/50006396.shtml
钱升钱,元璟资本-吴泳铭,N/A,B轮,2015-11-26,http://if.pedaily.cn/invest/50006405.shtml
玺喜网(玺鉴金融),中沃投资,N/A,天使投资,2015-11-25,http://if.pedaily.cn/invest/50006431.shtml
大麦理财,未公开,N/A,B轮,2015-11-24,http://if.pedaily.cn/invest/50006363.shtml
公明贷,未公开,N/A,A轮,2015-11-23,http://if.pedaily.cn/invest/50006313.shtml
分金社,京北投资-京北天使,N/A,天使投资,2015-11-23,http://if.pedaily.cn/invest/50006314.shtml
九次方大数据,信中利资本，键桥通讯，博信资本，IDG资本，德同资本,50000万人民币,B轮,2015-11-22,http://if.pedaily.cn/invest/50006279.shtml
天津金融资产交易所,蚂蚁金服-阿里巴巴,N/A,A轮,2015-11-20,http://if.pedaily.cn/invest/50006280.shtml
兆尹科技,未公开,N/A,上市,2015-11-20,http://if.pedaily.cn/invest/50006445.shtml
银盒子,东方富海，中瑞资本－和嘉瑞兴,N/A,B轮,2015-11-18,http://if.pedaily.cn/invest/50006281.shtml
融资方,投资机构,融资金额,轮次,投资时间,Url

银豆网-债权交易网,中国恒天(恒天资产),30000万人民币,B轮,2015-11-18,http://if.pedaily.cn/invest/50006364.shtml
洋钱罐,昆仑万维,31000万人民币,A轮,2015-11-17,http://if.pedaily.cn/invest/50006225.shtml
小铜人金融,汉鼎股份,N/A,天使投资,2015-11-10,http://if.pedaily.cn/invest/50006176.shtml
金贸街,聚秀资本,1000万人民币,天使投资,2015-11-07,http://if.pedaily.cn/invest/50006177.shtml
大大财经,不详,2000万人民币,A轮,2015-11-07,http://if.pedaily.cn/invest/50006178.shtml
美利金融,贝塔斯曼亚洲投资基金/Betafund，晨兴创投MorningSide，光信资本，挖财,6500万美元,A轮,2015-11-05,http://if.pedaily.cn/invest/50006174.shtml
工付宝,未透露,1000万人民币,天使投资,2015-11-05,http://if.pedaily.cn/invest/50006175.shtml
我来操盘,未公开,1000万人民币,天使投资,2015-11-05,http://if.pedaily.cn/invest/50006519.shtml
招财猫理财,浙大友创,N/A,A轮,2015-11-04,http://if.pedaily.cn/invest/50006180.shtml
什马金融,FreesFund峰瑞资本,N/A,A轮,2015-11-03,http://if.pedaily.cn/invest/50006181.shtml
掌贝微POS(掌贝智能POS),丰厚资本，金沙江创投,10000万人民币,A轮,2015-11-03,http://if.pedaily.cn/invest/50006182.shtml
金蝶金链,上海喜氏金融,2400万人民币,并购,2015-11-02,http://if.pedaily.cn/invest/50006183.shtml
爱定投,聚信达集团,7000万人民币,A轮,2015-10-30,http://if.pedaily.cn/invest/50006173.shtml
金融猪,陶石资本,N/A,天使投资,2015-10-29,http://if.pedaily.cn/invest/50006179.shtml
亿金融,创东方投资,3680万人民币,A轮,2015-10-28,http://if.pedaily.cn/invest/50006187.shtml
91征信,经纬中国,1000万人民币,天使投资,2015-10-27,http://if.pedaily.cn/invest/50006189.shtml
杭州惠借科技,杭州多牛资本,N/A,天使投资,2015-10-27,http://if.pedaily.cn/invest/50006184.shtml
今日捷财,西藏珠峰,3000万人民币,A轮,2015-10-27,http://if.pedaily.cn/invest/50006186.shtml
专投网,经纬中国,N/A,A轮,2015-10-26,http://if.pedaily.cn/invest/50006188.shtml
微汇金融WeXFin,不详,3200万美元,A轮,2015-10-25,http://if.pedaily.cn/invest/50006191.shtml
融资方,投资机构,融资金额,轮次,投资时间,Url

蜜蜂金服-蜂蜜理财,不详,3000万人民币,并购,2015-10-25,http://if.pedaily.cn/invest/50006192.shtml
小财神,元素资本,1000万人民币,A轮,2015-10-23,http://if.pedaily.cn/invest/50006193.shtml
付融宝,中技控股，软银中国/软银集团，浙商创投,35000万人民币,B轮,2015-10-22,http://if.pedaily.cn/invest/50006172.shtml
未来付网络,邦易资本,2000万人民币,天使投资,2015-10-20,http://if.pedaily.cn/invest/50006190.shtml
百融金服,不详,20000万人民币,B轮,2015-10-20,http://if.pedaily.cn/invest/50006196.shtml
融贝网,不详,N/A,A轮,2015-10-19,http://if.pedaily.cn/invest/50006195.shtml
小赢理财,周大福,6000万美元,A轮,2015-10-16,http://if.pedaily.cn/invest/50006194.shtml
真融宝,红杉资本中国,N/A,B轮,2015-10-14,http://if.pedaily.cn/invest/50006198.shtml
有道金融,不详,1000万人民币,天使投资,2015-10-14,http://if.pedaily.cn/invest/50006199.shtml
私银家-友道财富,IDG资本,N/A,B轮,2015-10-13,http://if.pedaily.cn/invest/50006200.shtml
方创APP-方创资本,华西股份,N/A,A轮,2015-10-13,http://if.pedaily.cn/invest/50006197.shtml
融360,云峰基金/赛领基金//红杉/Star VC,100000万人民币,D轮,2015-10-13,http://if.pedaily.cn/invest/50006171.shtml
爱交子,不详,300万人民币,天使投资,2015-10-11,http://if.pedaily.cn/invest/50006218.shtml
恒富在线,中瀛鑫,1900万人民币,A轮,2015-10-09,http://if.pedaily.cn/invest/50006185.shtml
P2P圈,不详,N/A,天使投资,2015-10-08,http://if.pedaily.cn/invest/50006217.shtml
聪头金融,不详,N/A,A轮,2015-09-30,http://if.pedaily.cn/invest/50006219.shtml
开鑫贷,国开金融,20000万人民币,天使投资,2015-09-30,http://if.pedaily.cn/invest/50006170.shtml
车险无忧,通鼎互联,3000万人民币,A轮,2015-09-30,http://if.pedaily.cn/invest/50006205.shtml
天创信用,大北农集团,1305万人民币,A轮,2015-09-30,http://if.pedaily.cn/invest/50006206.shtml
工资钱包,软银中国/软银集团,N/A,A轮,2015-09-30,http://if.pedaily.cn/invest/50006207.shtml
融资方,投资机构,融资金额,轮次,投资时间,Url

艺恩汇,景林投资,N/A,A轮,2015-09-29,http://if.pedaily.cn/invest/50006204.shtml
黄金钱包,软银中国/软银集团,10700万人民币,B轮,2015-09-23,http://if.pedaily.cn/invest/50006169.shtml
电网贷,不详,4000万人民币,A轮,2015-09-21,http://if.pedaily.cn/invest/50006212.shtml
北京梦哆啦网络,险峰华兴，小马蜂创投,1000万人民币,天使投资,2015-09-20,http://if.pedaily.cn/invest/50006216.shtml
战国策,不详,500万人民币,天使投资,2015-09-19,http://if.pedaily.cn/invest/50006213.shtml
优势财富-U 优财,中国瀛晟娱乐,4000万人民币,A轮,2015-09-16,http://if.pedaily.cn/invest/50006215.shtml
永利宝金融,博汇源创投，汉理资本,10000万人民币,B轮,2015-09-15,http://if.pedaily.cn/invest/50006220.shtml
爱学贷,中银投资浙商产业基金,30000万人民币,B轮,2015-09-14,http://if.pedaily.cn/invest/50006168.shtml
信通袋,不详,N/A,A轮,2015-09-07,http://if.pedaily.cn/invest/50006203.shtml
菠萝袋,不详,10000万人民币,并购,2015-09-07,http://if.pedaily.cn/invest/50006221.shtml
蚂蚁金服,中邮资本,N/A,并购,2015-09-05,http://if.pedaily.cn/invest/50006210.shtml
未来研究所,险峰华兴,N/A,天使投资,2015-09-03,http://if.pedaily.cn/invest/50006222.shtml
海绵保险-必保网络,不详,N/A,天使投资,2015-09-02,http://if.pedaily.cn/invest/50006214.shtml
很帅的投资客,信天创投,650万人民币,天使投资,2015-09-01,http://if.pedaily.cn/invest/50006211.shtml
资产360,源码资本,3000万人民币,A轮,2015-09-01,http://if.pedaily.cn/invest/50006223.shtml
财鱼管家,不详,2000万人民币,A轮,2015-08-30,http://if.pedaily.cn/invest/50006224.shtml
老虎证券,小米科技,N/A,A轮,2015-08-28,http://if.pedaily.cn/invest/50006167.shtml
万象众筹,不详,500万人民币,天使投资,2015-08-27,http://if.pedaily.cn/invest/50006208.shtml
BBD数联铭品,国金证券直投，鼎晖投资,10000万人民币,B轮,2015-08-27,http://if.pedaily.cn/invest/50006209.shtml
玛瑙湾,不详,1000万人民币,天使投资,2015-08-24,http://if.pedaily.cn/invest/50006201.shtml
融资方,投资机构,融资金额,轮次,投资时间,Url

淘梦网,游族网络,N/A,A轮,2015-08-20,http://if.pedaily.cn/invest/50006166.shtml
点融网,渣打银行/CFF,27000万美元,C轮,2015-08-20,http://if.pedaily.cn/invest/50006157.shtml
合力贷,兰天控股，好贷网,10000万人民币,A轮,2015-08-15,http://if.pedaily.cn/invest/50006165.shtml
乐投天下,安芙兰创投，京北投资-京北天使,3000万人民币,A轮,2015-08-14,http://if.pedaily.cn/invest/50006226.shtml
百财车贷,华映资本,N/A,A轮,2015-08-14,http://if.pedaily.cn/invest/50006227.shtml
借贷宝,不详,200000万人民币,天使投资,2015-08-14,http://if.pedaily.cn/invest/50006228.shtml
和堂金融,国金投资,N/A,A轮,2015-08-14,http://if.pedaily.cn/invest/50006229.shtml
迪蒙科技,不详,50000万人民币,A轮,2015-08-11,http://if.pedaily.cn/invest/50006230.shtml
Kaistart开始众筹,浙江文创控股集团,N/A,A轮,2015-08-11,http://if.pedaily.cn/invest/50006202.shtml
京金联,汉能投资,3000万人民币,A轮,2015-08-07,http://if.pedaily.cn/invest/50006231.shtml
石头理财,小米科技,1000万人民币,天使投资,2015-08-07,http://if.pedaily.cn/invest/50006232.shtml
趣分期,蚂蚁金服,20000万美元,E轮,2015-08-07,http://if.pedaily.cn/invest/50006164.shtml
银库,美拓资本,10000万人民币,A轮,2015-08-06,http://if.pedaily.cn/invest/50006163.shtml
产融贷,不详,N/A,天使投资,2015-08-05,http://if.pedaily.cn/invest/50006233.shtml
富途证券/富途牛牛,红杉资本中国，经纬中国，腾讯产业共赢基金/腾讯,6000万美元,B轮,2015-08-04,http://if.pedaily.cn/invest/50006162.shtml
超额宝,联创光电,N/A,A轮,2015-08-03,http://if.pedaily.cn/invest/50006236.shtml
财来网,不详,N/A,天使投资,2015-07-30,http://if.pedaily.cn/invest/50006237.shtml
百筹汇,不详,N/A,天使投资,2015-07-30,http://if.pedaily.cn/invest/50006238.shtml
淘股吧,北京众海投资,N/A,A轮,2015-07-30,http://if.pedaily.cn/invest/50006234.shtml
信而富,瑞银华信,3500万美元,C轮,2015-07-29,http://if.pedaily.cn/invest/50006161.shtml
融资方,投资机构,融资金额,轮次,投资时间,Url

爱互融,不详,N/A,天使投资,2015-07-29,http://if.pedaily.cn/invest/50006239.shtml
夸客金融,不详,20000万人民币,天使投资,2015-07-27,http://if.pedaily.cn/invest/50006240.shtml
网信金融,中信资本,4100万美元,B轮,2015-07-27,http://if.pedaily.cn/invest/50006160.shtml
有利网,高瓴资本Hillhouse Capital,4600万美元,C轮,2015-07-26,http://if.pedaily.cn/invest/50006159.shtml
丰投网,华映资本,2000万人民币,A轮,2015-07-23,http://if.pedaily.cn/invest/50006241.shtml
农分期-种子金服,明势资本，梅花天使创投/吴世春,1000万人民币,天使投资,2015-07-21,http://if.pedaily.cn/invest/50006242.shtml
摇钱树,不详,N/A,天使投资,2015-07-20,http://if.pedaily.cn/invest/50006243.shtml
东方融资网,汉理资本，景林投资/景林资产,20000万人民币,A轮,2015-07-20,http://if.pedaily.cn/invest/50006244.shtml
聚财村,华映资本,N/A,天使投资,2015-07-17,http://if.pedaily.cn/invest/50006245.shtml
朋友范,未公开,1000万人民币,天使投资,2015-07-16,http://if.pedaily.cn/invest/50006246.shtml
分金社,不详,N/A,天使投资,2015-07-15,http://if.pedaily.cn/invest/50006235.shtml
众筹客,沃石投资,1000万人民币,天使投资,2015-07-14,http://if.pedaily.cn/invest/50006247.shtml
旺财谷,瑞业投资,N/A,A轮,2015-07-09,http://if.pedaily.cn/invest/50006249.shtml
盛典分期,未公开,1200万人民币,A轮,2015-07-08,http://if.pedaily.cn/invest/50006250.shtml
大特保,联创策源，中国平安/平安创新投资基金，复星昆仲资本/复星,18000万人民币,A轮,2015-07-07,http://if.pedaily.cn/invest/50006252.shtml
懒财网,君联资本/联想投资,N/A,A轮,2015-07-07,http://if.pedaily.cn/invest/50006253.shtml
贝米钱包,源码资本,N/A,A轮,2015-07-06,http://if.pedaily.cn/invest/50006251.shtml
牛股王,未透露,N/A,A轮,2015-07-04,http://if.pedaily.cn/invest/50006158.shtml
蚂蚁金服,全国社保基金/国开金融等,1200000万人民币,并购,2015-07-03,http://if.pedaily.cn/invest/50006155.shtml
简单理财网,未公开,5000万人民币,A轮,2015-07-03,http://if.pedaily.cn/invest/50006254.shtml
融资方,投资机构,融资金额,轮次,投资时间,Url

钱海,基石资本,N/A,A轮,2015-07-03,http://if.pedaily.cn/invest/50006255.shtml
宜保通,DFJ/德丰杰中国,N/A,A轮,2015-07-03,http://if.pedaily.cn/invest/50006256.shtml
上海讯联数据,红杉资本中国,N/A,天使投资,2015-07-02,http://if.pedaily.cn/invest/50006257.shtml
金斧子,红杉资本中国，人人公司/千橡互动,5000万美元,B轮,2015-07-02,http://if.pedaily.cn/invest/50006156.shtml
炒饭,明势资本，梅花天使创投/吴世春,3000万人民币,天使投资,2015-07-01,http://if.pedaily.cn/invest/50006258.shtml
汇通达,毅达资本,50000万人民币,A轮,2015-06-30,http://if.pedaily.cn/invest/50006261.shtml
中科柏诚科技,新沃资本,2200万人民币,A轮,2015-06-29,http://if.pedaily.cn/invest/50006260.shtml
借贷宝,未公开,3000万人民币,A轮,2015-06-28,http://if.pedaily.cn/invest/50006259.shtml
票据宝,人人公司/千橡互动,2000万美元,A轮,2015-06-26,http://if.pedaily.cn/invest/50006262.shtml
聚爱财,未公开,N/A,B轮,2015-06-25,http://if.pedaily.cn/invest/50006248.shtml
雄猫软件,汉鼎股份,1505万人民币,A轮,2015-06-25,http://if.pedaily.cn/invest/50006278.shtml
网融天下,和玉基金/和玉复合基金，熙金资本Zhong Capital，易孚泽投资-林广茂,21000万人民币,B轮,2015-06-24,http://if.pedaily.cn/invest/50006276.shtml
拉卡拉,广联达,7000万人民币,并购,2015-06-24,http://if.pedaily.cn/invest/50006277.shtml
稳收宝,未公开,20000万人民币,B轮,2015-06-21,http://if.pedaily.cn/invest/50006269.shtml
拉卡拉,太平人寿/中国再保险集团/大地保险/民航发展基金,150000万人民币,并购,2015-06-21,http://if.pedaily.cn/invest/50006154.shtml
考拉征信,广联达，前程无忧,N/A,A轮,2015-06-20,http://if.pedaily.cn/invest/50006153.shtml
众安保险,鼎晖投资，赛富基金/赛富亚洲基金SAIF，Morgan Stanley摩根士丹利,93400万美元,A轮,2015-06-19,http://if.pedaily.cn/invest/50006152.shtml
考拉理财,未公开,N/A,天使投资,2015-06-19,http://if.pedaily.cn/invest/50006270.shtml
企e融-镭驰金控,京北投资-京北天使,N/A,天使投资,2015-06-18,http://if.pedaily.cn/invest/50006275.shtml
彩云BANK-聚识金融,京北投资-京北天使,N/A,天使投资,2015-06-18,http://if.pedaily.cn/invest/50006267.shtml
融资方,投资机构,融资金额,轮次,投资时间,Url

蚂蚁金服,未公开,N/A,A轮,2015-06-17,http://if.pedaily.cn/invest/50006265.shtml
绿能宝,未公开,4000万美元,并购,2015-06-17,http://if.pedaily.cn/invest/50006263.shtml
惠人贷,网易，凯兴资本，金石投资/中信证券,N/A,A轮,2015-06-16,http://if.pedaily.cn/invest/50006151.shtml
网贷之家,赛富亚洲投资基金/创东方,N/A,B轮,2015-06-15,http://if.pedaily.cn/invest/50006150.shtml
51金服-网贷工场,未公开,1000万人民币,天使投资,2015-06-15,http://if.pedaily.cn/invest/50006264.shtml
国佳财富,未公开,3000万人民币,A轮,2015-06-15,http://if.pedaily.cn/invest/50006292.shtml
开财宝,未公开,N/A,A轮,2015-06-12,http://if.pedaily.cn/invest/50006293.shtml
银客网,昆仑万维,2000万美元,B轮,2015-06-12,http://if.pedaily.cn/invest/50006290.shtml
宝点网,富德胜创投,3000万美元,A轮,2015-06-09,http://if.pedaily.cn/invest/50006291.shtml
交易家,陶石资本,1000万人民币,A轮,2015-06-08,http://if.pedaily.cn/invest/50006273.shtml
Wisdom维氏盾-易起查,京北投资-京北天使，风云天使基金,700万人民币,A轮,2015-06-06,http://if.pedaily.cn/invest/50006268.shtml
最操盘,陶石资本,N/A,天使投资,2015-05-31,http://if.pedaily.cn/invest/50006274.shtml
私银家-友道财富,IDG资本,1000万美元,A轮,2015-05-30,http://if.pedaily.cn/invest/50006272.shtml
京北金融-京北众筹,克拉天使,1000万人民币,天使投资,2015-05-30,http://if.pedaily.cn/invest/50006266.shtml
口贷网,深圳市创新投资集团(深创投),N/A,A轮,2015-05-29,http://if.pedaily.cn/invest/50006149.shtml
超交易,AngelVest天使谷，鸣客资本,1500万人民币,A轮,2015-05-25,http://if.pedaily.cn/invest/50006287.shtml
360财富,华映资本,1000万人民币,A轮,2015-05-22,http://if.pedaily.cn/invest/50006283.shtml
旺POS,IDG资本，尚心资本Shining Capital Management,10000万人民币,B轮,2015-05-22,http://if.pedaily.cn/invest/50006284.shtml
云筹网,创业工场VenturesLab，易一天使,1764万人民币,A轮,2015-05-22,http://if.pedaily.cn/invest/50006285.shtml
众投邦,同创伟业,5000万人民币,B轮,2015-05-20,http://if.pedaily.cn/invest/50006146.shtml
融资方,投资机构,融资金额,轮次,投资时间,Url

杭州同盾科技,IDG资本，启明创投，宽带资本CBC，华创资本，线性资本LinearVenture,3000万美元,B轮,2015-05-20,http://if.pedaily.cn/invest/50006147.shtml
温州贷,报喜鸟,5500万人民币,A轮,2015-05-20,http://if.pedaily.cn/invest/50006148.shtml
钱包金服,高榕资本Banyan Fund,N/A,A轮,2015-05-18,http://if.pedaily.cn/invest/50006289.shtml
银票网,亚联资本,1000万美元,A轮,2015-05-15,http://if.pedaily.cn/invest/50006288.shtml
抱财网,凯乐科技,13000万人民币,并购,2015-05-15,http://if.pedaily.cn/invest/50006145.shtml
理财魔方/口袋财富,未公开,1000万人民币,天使投资,2015-05-11,http://if.pedaily.cn/invest/50006294.shtml
付融宝,未公开,N/A,A轮,2015-05-11,http://if.pedaily.cn/invest/50006271.shtml
爱有财/零壹投资,海通创意资本/上海文化产业基金,N/A,天使投资,2015-05-07,http://if.pedaily.cn/invest/50006295.shtml
网利金融,鸿利光电,4000万美元,B轮,2015-05-05,http://if.pedaily.cn/invest/50006143.shtml
邦帮堂,毅光年,N/A,天使投资,2015-04-30,http://if.pedaily.cn/invest/50006142.shtml
乐刷/移卡科技,未透露,N/A,B轮,2015-04-29,http://if.pedaily.cn/invest/50006144.shtml
投哪网,未公开,15000万人民币,B轮,2015-04-29,http://if.pedaily.cn/invest/50006286.shtml
团贷网,昆吾九鼎投资,50000万人民币,B轮,2015-04-23,http://if.pedaily.cn/invest/50006141.shtml
前隆金融,红杉资本中国，清科创投，Blue Lake Capital蓝湖资本,N/A,A+,2015-04-22,http://if.pedaily.cn/invest/50006139.shtml
积木盒子,经纬中国，银泰资本Ventech，顺为基金等,8400万美元,C轮,2015-04-21,http://if.pedaily.cn/invest/50006138.shtml
车能贷,伯藜创投，飞马基金/飞马旅,1200万人民币,天使投资,2015-04-21,http://if.pedaily.cn/invest/50006297.shtml
闪白条,未公开,500万美元,天使投资,2015-04-21,http://if.pedaily.cn/invest/50006298.shtml
马展金融,蓝驰创投,1000万美元,A轮,2015-04-20,http://if.pedaily.cn/invest/50006140.shtml
中筹网金,未公开,1800万人民币,A轮,2015-04-17,http://if.pedaily.cn/invest/50006311.shtml
掌贷宝/融都科技,未公开,6600万人民币,A轮,2015-04-15,http://if.pedaily.cn/invest/50006300.shtml
融资方,投资机构,融资金额,轮次,投资时间,Url

随手科技,源码资本、复星昆仲资本、昆仑万维,N/A,B轮,2015-04-15,http://if.pedaily.cn/invest/50006069.shtml
和诚智达/运盈e贷,未公开,3500万人民币,A轮,2015-04-14,http://if.pedaily.cn/invest/50006299.shtml
黄金钱包,软银中国/软银集团,N/A,A轮,2015-04-14,http://if.pedaily.cn/invest/50006370.shtml
典阅科技,未公开,323万人民币,天使投资,2015-04-13,http://if.pedaily.cn/invest/50006312.shtml
共赢社/深圳中融资本,富贵鸟,N/A,A轮,2015-04-10,http://if.pedaily.cn/invest/50006315.shtml
共赢社/深圳中融资本,高榕资本Banyan Fund,N/A,天使投资,2015-04-10,http://if.pedaily.cn/invest/50006371.shtml
先花花,正和磁系资本/正和岛,N/A,A轮,2015-04-10,http://if.pedaily.cn/invest/50006282.shtml
麦子金服,海通开元/海通证券,N/A,A轮,2015-04-08,http://if.pedaily.cn/invest/50006372.shtml
玖富咨询,IDG资本,11000万美元,A轮,2015-04-08,http://if.pedaily.cn/invest/50006137.shtml
趣分期,昆仑万维,N/A,D轮,2015-04-03,http://if.pedaily.cn/invest/50006136.shtml
全民财富/上海欣亨金融,达泰资本,2000万人民币,天使投资,2015-04-02,http://if.pedaily.cn/invest/50006322.shtml
小股神/北京乐不思蜀科技,元素资本,500万人民币,天使投资,2015-04-02,http://if.pedaily.cn/invest/50006317.shtml
借点儿,丰厚资本，黑马基金,N/A,天使投资,2015-04-02,http://if.pedaily.cn/invest/50006296.shtml
仁仁分期,报喜鸟,2500万人民币,A轮,2015-03-27,http://if.pedaily.cn/invest/50006133.shtml
HelloMoney财富你好/芒柠网络,中路股份,N/A,天使投资,2015-03-27,http://if.pedaily.cn/invest/50006134.shtml
爱钱包,光大集团,5000万人民币,A轮,2015-03-26,http://if.pedaily.cn/invest/50006131.shtml
闪电借款,神州付,N/A,天使投资,2015-03-26,http://if.pedaily.cn/invest/50006132.shtml
优优宝/五辰鑫达科技,洪泰基金,N/A,天使投资,2015-03-25,http://if.pedaily.cn/invest/50006323.shtml
送姜很行,英诺天使基金/厚德创新谷，洪泰基金,N/A,天使投资,2015-03-23,http://if.pedaily.cn/invest/50006130.shtml
拍拍贷,君联资本/联想投资,4000万美元,C轮,2015-03-20,http://if.pedaily.cn/invest/50006123.shtml
融资方,投资机构,融资金额,轮次,投资时间,Url

米牛网,华映资本，825新媒体产业基金,4980万人民币,A轮,2015-03-20,http://if.pedaily.cn/invest/50006129.shtml
熟信,陶石资本,N/A,天使投资,2015-03-19,http://if.pedaily.cn/invest/50006128.shtml
天使客,德迅投资/李青,800万人民币,A轮,2015-03-19,http://if.pedaily.cn/invest/50006124.shtml
大家投,未公开,1000万人民币,A轮,2015-03-19,http://if.pedaily.cn/invest/50006358.shtml
分期乐,京东商城,N/A,C轮,2015-03-18,http://if.pedaily.cn/invest/50006125.shtml
易宝支付,TA Associates/远东宏信,N/A,C轮,2015-03-18,http://if.pedaily.cn/invest/50006126.shtml
员工宝/诺亚易捷金融,红杉资本中国,N/A,A轮,2015-03-17,http://if.pedaily.cn/invest/50006127.shtml
成都易分期,未公开,500万人民币,天使投资,2015-03-17,http://if.pedaily.cn/invest/50006324.shtml
路人甲/汇涓时代,未透露,200万人民币,天使投资,2015-03-16,http://if.pedaily.cn/invest/50006135.shtml
99分期/好斌金融,未透露投资人,N/A,A轮,2015-03-16,http://if.pedaily.cn/invest/50006120.shtml
芥末金融,真格基金，弘合基金/东方弘道资本，高榕资本Banyan Fund,N/A,天使投资,2015-03-12,http://if.pedaily.cn/invest/50006316.shtml
巨涟金融,未透露投资人,10000万人民币,A轮,2015-03-10,http://if.pedaily.cn/invest/50006115.shtml
高搜易,创东方投资,N/A,A轮,2015-03-10,http://if.pedaily.cn/invest/50006116.shtml
易界网/DealGlobe,未透露的投资人,N/A,天使投资,2015-03-10,http://if.pedaily.cn/invest/50006122.shtml
大钱信息,春山浦江,5000万人民币,A轮,2015-03-05,http://if.pedaily.cn/invest/50006114.shtml
Wecash 闪银,SIG海纳亚洲,2000万美元,B轮,2015-03-03,http://if.pedaily.cn/invest/50006111.shtml
随时融,智慧能源,1000万人民币,A轮,2015-02-11,http://if.pedaily.cn/invest/50006044.shtml
德邦基金,阿里巴巴/阿里资本,N/A,并购,2015-02-11,http://if.pedaily.cn/invest/50006045.shtml
呼哧旅行支票/麦信卓越科技,未透露投资人,N/A,A轮,2015-02-10,http://if.pedaily.cn/invest/50006121.shtml
人人操盘,人人贷,N/A,天使投资,2015-02-05,http://if.pedaily.cn/invest/50006117.shtml
融资方,投资机构,融资金额,轮次,投资时间,Url

恩牛网络,纪源资本GGV,5000万美元,B轮,2015-02-05,http://if.pedaily.cn/invest/50006067.shtml
橙旗金融,国采科技股份有限公司,N/A,并购,2015-02-04,http://if.pedaily.cn/invest/50006009.shtml
真融宝,经纬中国,1000万美元,A轮,2015-02-04,http://if.pedaily.cn/invest/50006487.shtml
惠金天下/上海裕能金融,薛蛮子，翰潭投资,N/A,天使投资,2015-01-30,http://if.pedaily.cn/invest/50006118.shtml
草根投资网/草根网络,顺为基金,N/A,A轮,2015-01-29,http://if.pedaily.cn/invest/50006485.shtml
桔子理财,经纬中国，险峰华兴，贝塔斯曼亚洲投资基金/Betafund，DST/Yuri Milner(中国投资),10000万美元,B轮,2015-01-29,http://if.pedaily.cn/invest/50006462.shtml
联拓金融,光信资本,N/A,A轮,2015-01-27,http://if.pedaily.cn/invest/50006112.shtml
钱大人,华盛基金,N/A,天使投资,2015-01-26,http://if.pedaily.cn/invest/50006119.shtml
心跳投资,PreAngel/PA镭厉/PA鉴睿,N/A,天使投资,2015-01-23,http://if.pedaily.cn/invest/50006103.shtml
股360,富达亚洲风险投资,N/A,C轮,2015-01-22,http://if.pedaily.cn/invest/50006077.shtml
德圣基金研究中心,钱景财富,N/A,A轮,2015-01-21,http://if.pedaily.cn/invest/50006113.shtml
懒投资/大家玩,贝塔斯曼亚洲投资基金/Betafund，联创策源，源码资本,2100万美元,A轮,2015-01-21,http://if.pedaily.cn/invest/50006463.shtml
好项目,曼图资本Mandra Capital,500万美元,A轮,2015-01-21,http://if.pedaily.cn/invest/50006413.shtml
紫桐金融,昆吾九鼎投资，信天创投,N/A,A轮,2015-01-19,http://if.pedaily.cn/invest/50006483.shtml
医界贷,未公开,N/A,A轮,2015-01-19,http://if.pedaily.cn/invest/50006484.shtml
百财车贷,恩惟资本,N/A,天使投资,2015-01-16,http://if.pedaily.cn/invest/50006482.shtml
爱学贷,未公开,4000万美元,A轮,2015-01-11,http://if.pedaily.cn/invest/50006479.shtml
好又贷,未公开,6000万人民币,A轮,2015-01-09,http://if.pedaily.cn/invest/50006464.shtml
合道融通/合融网,小米科技,1000万人民币,A轮,2015-01-07,http://if.pedaily.cn/invest/50006478.shtml
众人贷,未公开,3000万人民币,A轮,2015-01-04,http://if.pedaily.cn/invest/50006481.shtml
融资方,投资机构,融资金额,轮次,投资时间,Url

Formax福亿,IDG资本/复星昆仲资本,1000万美元,B轮,2014-12-31,http://if.pedaily.cn/invest/50006055.shtml
云中信Creditcloud,君联资本/联想投资,N/A,A轮,2014-12-30,http://if.pedaily.cn/invest/50006486.shtml
筹趣网,清科创投，创业邦天使基金,N/A,天使投资,2014-12-30,http://if.pedaily.cn/invest/50006480.shtml
中国量化投资网,华创资本，景林投资/景林资产,N/A,A轮,2014-12-30,http://if.pedaily.cn/invest/50006477.shtml
趣炒股/华赢科技,梅花天使创投/吴世春,500万人民币,天使投资,2014-12-30,http://if.pedaily.cn/invest/50006474.shtml
寻钱网,浙商创投，丰厚资本,N/A,A轮,2014-12-28,http://if.pedaily.cn/invest/50006473.shtml
陆金所,未公开,N/A,A轮,2014-12-26,http://if.pedaily.cn/invest/50006471.shtml
票据客/富商金融,清科创投,2000万人民币,A轮,2014-12-26,http://if.pedaily.cn/invest/50006472.shtml
金电联行,力鼎资本/国泰君安力鼎，国科嘉和,N/A,B轮,2014-12-24,http://if.pedaily.cn/invest/50006429.shtml
阿里路亚,未公开,N/A,天使投资,2014-12-23,http://if.pedaily.cn/invest/50006470.shtml
金汇丰/汇诚创利,未公开,10000万人民币,B轮,2014-12-22,http://if.pedaily.cn/invest/50006476.shtml
普惠金融,高榕资本Banyan Fund,5000万美元,A轮,2014-12-22,http://if.pedaily.cn/invest/50006469.shtml
大家保,黑马基金,N/A,B轮,2014-12-22,http://if.pedaily.cn/invest/50006309.shtml
金汇丰/汇诚创利,未公开,1500万人民币,A轮,2014-12-21,http://if.pedaily.cn/invest/50006475.shtml
全球贷/环球财富,香格里拉,1000万美元,天使投资,2014-12-19,http://if.pedaily.cn/invest/50006468.shtml
众筹空间/轻众筹,IDG资本,N/A,A轮,2014-12-17,http://if.pedaily.cn/invest/50006499.shtml
91快车/衡惠金融,深圳中电投资股份有限公司,5000万人民币,A轮,2014-12-09,http://if.pedaily.cn/invest/50006498.shtml
天天投/添砖加瓦,抱团科技/尼毕鲁科技Tap4fun,N/A,A轮,2014-12-09,http://if.pedaily.cn/invest/50006466.shtml
众筹第三方/稳利科技,未公开,N/A,天使投资,2014-12-08,http://if.pedaily.cn/invest/50006497.shtml
趣分期,源码资本、蓝驰创投,10000万美元,C轮,2014-12-02,http://if.pedaily.cn/invest/50006032.shtml
融资方,投资机构,融资金额,轮次,投资时间,Url

挖财,IDG资本/启明创投/鼎晖投资/宽带资本/中金资本,5000万美元,B轮,2014-12-01,http://if.pedaily.cn/invest/50006048.shtml
微财/掌傲博科技,未公开,N/A,A轮,2014-11-30,http://if.pedaily.cn/invest/50006496.shtml
钱袋宝,IDG资本，高榕资本Banyan Fund，海通开元/海通证券,N/A,A轮,2014-11-26,http://if.pedaily.cn/invest/50006495.shtml
中青创投网,未公开,3000万人民币,A轮,2014-11-23,http://if.pedaily.cn/invest/50006494.shtml
易筹网/方丁易筹,未公开,N/A,天使投资,2014-11-14,http://if.pedaily.cn/invest/50006493.shtml
第一P2P/网信金融,未公开,5000万人民币,A轮,2014-11-13,http://if.pedaily.cn/invest/50006491.shtml
钱多多/旭胜金融,丰实资本,N/A,A轮,2014-11-13,http://if.pedaily.cn/invest/50006492.shtml
E微贷,亨亚集团、中生金控、华盛基金,N/A,A轮,2014-11-08,http://if.pedaily.cn/invest/50006490.shtml
沐金农,瀚霖资本,N/A,天使投资,2014-11-07,http://if.pedaily.cn/invest/50006489.shtml
资本汇/乐投网络,未公开,N/A,天使投资,2014-11-06,http://if.pedaily.cn/invest/50006488.shtml
好贷网/心向优势,祥峰投资Vertex   DCM中国,N/A,B轮,2014-11-03,http://if.pedaily.cn/invest/50006401.shtml
上海银商资讯,未公开,12500万人民币,B轮,2014-11-01,http://if.pedaily.cn/invest/50006414.shtml
8Securities,华创资本,870万美元,B轮,2014-11-01,http://if.pedaily.cn/invest/50006303.shtml
信通袋,未公开,N/A,天使投资,2014-10-31,http://if.pedaily.cn/invest/50006393.shtml
友借友还/天道计然,未公开,700万美元,A轮,2014-10-31,http://if.pedaily.cn/invest/50006467.shtml
短融网,深圳启赋资本,N/A,A轮,2014-10-21,http://if.pedaily.cn/invest/50006461.shtml
黄金钱包,未公开,N/A,天使投资,2014-10-20,http://if.pedaily.cn/invest/50006446.shtml
壹财富/小虎金融,源码资本,N/A,A轮,2014-10-16,http://if.pedaily.cn/invest/50006456.shtml
OK车险/保橙网络,IDG资本，云启创投,N/A,A轮,2014-10-14,http://if.pedaily.cn/invest/50006455.shtml
中币交易所,未透露的投资者,N/A,天使投资,2014-10-10,http://if.pedaily.cn/invest/50006040.shtml
融资方,投资机构,融资金额,轮次,投资时间,Url

点融网,新鸿基投资,N/A,B轮,2014-10-10,http://if.pedaily.cn/invest/50006006.shtml
搜富580,华盛基金,1000万人民币,天使投资,2014-10-10,http://if.pedaily.cn/invest/50006079.shtml
靠谱鸟,联想之星,1000万人民币,天使投资,2014-10-01,http://if.pedaily.cn/invest/50006459.shtml
神州融/神州微融,清科创投，德迅投资/曾李青,N/A,A轮,2014-10-01,http://if.pedaily.cn/invest/50006465.shtml
PingPlusPlus拼谱啦,未公开,N/A,天使投资,2014-09-30,http://if.pedaily.cn/invest/50006345.shtml
乐投天下,原子创投,N/A,天使投资,2014-09-30,http://if.pedaily.cn/invest/50006342.shtml
铜板街,君联资本、IDG资本、华创资本,5000万美元,B轮,2014-09-30,http://if.pedaily.cn/invest/50006102.shtml
众投邦,创东方投资,1000万人民币,A轮,2014-09-30,http://if.pedaily.cn/invest/50006091.shtml
银讯网,君联资本/联想投资,1000万美元,A轮,2014-09-28,http://if.pedaily.cn/invest/50006451.shtml
量化派,华创资本,N/A,A轮,2014-09-25,http://if.pedaily.cn/invest/50006104.shtml
豫商贷/豫商贷网络,北京宏融宝汇投资有限公司,N/A,A轮,2014-09-16,http://if.pedaily.cn/invest/50006449.shtml
钱升钱,蓝驰创投,1000万美元,A轮,2014-09-15,http://if.pedaily.cn/invest/50006406.shtml
随手科技,红杉资本/复星昆仲资本,N/A,B轮,2014-09-13,http://if.pedaily.cn/invest/50006070.shtml
雪球财经,人人公司/千橡互动、晨兴创投,4000万美元,C轮,2014-09-12,http://if.pedaily.cn/invest/50006325.shtml
融道网,上海科技投资,1000万人民币,A轮,2014-09-04,http://if.pedaily.cn/invest/50006080.shtml
随时融,不公开的投资者,1000万人民币,天使投资,2014-09-01,http://if.pedaily.cn/invest/50006053.shtml
懒投资/大家玩,源码资本,1000万人民币,天使投资,2014-09-01,http://if.pedaily.cn/invest/50006450.shtml
PingPlusPlus拼谱啦,红杉资本中国,N/A,A轮,2014-09-01,http://if.pedaily.cn/invest/50006452.shtml
趣分期,蓝驰创投、源码资本,N/A,B轮,2014-08-30,http://if.pedaily.cn/invest/50006031.shtml
盈盈理财,纪源资本GGV,1000万美元,B轮,2014-08-30,http://if.pedaily.cn/invest/50006074.shtml
融资方,投资机构,融资金额,轮次,投资时间,Url

奇点集/奇点创投,景林投资/景林资产,N/A,A轮,2014-08-30,http://if.pedaily.cn/invest/50006092.shtml
中科柏诚科技,深圳启赋资本,10000万人民币,A轮,2014-08-19,http://if.pedaily.cn/invest/50006017.shtml
杭州同盾科技,IDG资本、宽带资本、线性资本,1000万美元,A轮,2014-08-12,http://if.pedaily.cn/invest/50006019.shtml
分期乐,经纬中国，险峰华兴，贝塔斯曼亚洲投资基金/Betafund,1000万美元,A轮,2014-08-12,http://if.pedaily.cn/invest/50006394.shtml
阜鼎保理/阜鼎汇通商业保理,经纬中国,N/A,A轮,2014-08-01,http://if.pedaily.cn/invest/50006432.shtml
优分期/和创未来,真格基金,1000万人民币,天使投资,2014-08-01,http://if.pedaily.cn/invest/50006453.shtml
即科金融Geex Finance,红杉资本中国,N/A,A轮,2014-08-01,http://if.pedaily.cn/invest/50006454.shtml
大特保,险峰华兴,N/A,天使投资,2014-08-01,http://if.pedaily.cn/invest/50006458.shtml
前隆金融,红杉资本,N/A,A轮,2014-08-01,http://if.pedaily.cn/invest/50006016.shtml
恒银金融,深创投,N/A,A轮,2014-07-30,http://if.pedaily.cn/invest/50006082.shtml
上海屹通信息,东方国信,45000万人民币,并购,2014-07-30,http://if.pedaily.cn/invest/50006083.shtml
趣分期,蓝驰创投,N/A,A轮,2014-07-30,http://if.pedaily.cn/invest/50006029.shtml
Wecash 闪银,IDG资本,4000万人民币,A轮,2014-07-30,http://if.pedaily.cn/invest/50006030.shtml
共鸣科技,IDG资本,1000万美元,A轮,2014-07-30,http://if.pedaily.cn/invest/50006025.shtml
夸客金融,戈壁投资,N/A,A轮,2014-07-27,http://if.pedaily.cn/invest/50006343.shtml
融360,淡马锡、光速创投、红杉资本、凯鹏华盈,6000万美元,C轮,2014-07-23,http://if.pedaily.cn/invest/50006301.shtml
仁仁分期,天使投资人王刚,N/A,天使投资,2014-07-13,http://if.pedaily.cn/invest/50006392.shtml
众筹空间,未公开,N/A,天使投资,2014-07-01,http://if.pedaily.cn/invest/50006447.shtml
花果金融,蓝色经济区产业投资基金,N/A,A轮,2014-07-01,http://if.pedaily.cn/invest/50006443.shtml
恒银金融科技,深圳市创新投资集团(深创投),N/A,A轮,2014-07-01,http://if.pedaily.cn/invest/50006444.shtml
融资方,投资机构,融资金额,轮次,投资时间,Url

爱钱帮,盛大资本/盛大,1000万人民币,A轮,2014-07-01,http://if.pedaily.cn/invest/50006439.shtml
众筹空间/轻众筹,未透露的投资人,100万人民币,天使投资,2014-07-01,http://if.pedaily.cn/invest/50006093.shtml
91金融,海通开元/经纬中国/宽带资本,20000万人民币,B轮,2014-06-30,http://if.pedaily.cn/invest/50006062.shtml
壹财富/小虎金融,未公开,N/A,天使投资,2014-06-30,http://if.pedaily.cn/invest/50006457.shtml
大通宝电子支付,未公开,N/A,A轮,2014-06-30,http://if.pedaily.cn/invest/50006346.shtml
诺瓦金融信息,未透露的投资人,100万人民币,天使投资,2014-06-26,http://if.pedaily.cn/invest/50006042.shtml
网融天下,易孚泽投资-林广茂,N/A,A轮,2014-06-25,http://if.pedaily.cn/invest/50006416.shtml
有利网,晨兴创投MorningSide,1000万美元,B轮,2014-06-18,http://if.pedaily.cn/invest/50006347.shtml
银联商务,联银创投,34100万人民币,E轮,2014-06-11,http://if.pedaily.cn/invest/50006026.shtml
意时网,不公开的投资者,50000万人民币,A轮,2014-06-01,http://if.pedaily.cn/invest/50006010.shtml
阿思拓,高榕资本,1000万人民币,A轮,2014-06-01,http://if.pedaily.cn/invest/50006011.shtml
微贷网,盛大资本/盛大,10000万人民币,A轮,2014-06-01,http://if.pedaily.cn/invest/50006348.shtml
投资无忧/易八投资,易一天使,N/A,天使投资,2014-06-01,http://if.pedaily.cn/invest/50006460.shtml
乐投壹佰,北京北上投资基金管理有限责任公司,N/A,A轮,2014-06-01,http://if.pedaily.cn/invest/50006440.shtml
微美贷VMdai,未公开,1000万美元,A轮,2014-06-01,http://if.pedaily.cn/invest/50006441.shtml
玖玖金融,未公开,N/A,天使投资,2014-06-01,http://if.pedaily.cn/invest/50006442.shtml
WeLab我来贷,红杉资本中国，TOM集团,1400万美元,A轮,2014-06-01,http://if.pedaily.cn/invest/50006434.shtml
拾财贷,若水合投,10000万人民币,A轮,2014-06-01,http://if.pedaily.cn/invest/50006435.shtml
投哪网,广发信德-广发证券,10000万人民币,A轮,2014-06-01,http://if.pedaily.cn/invest/50006436.shtml
点心贷/点心科技,弘合基金/东方弘道资本,N/A,A轮,2014-06-01,http://if.pedaily.cn/invest/50006437.shtml
融资方,投资机构,融资金额,轮次,投资时间,Url

安心de利/易融德利,真格基金,N/A,天使投资,2014-06-01,http://if.pedaily.cn/invest/50006438.shtml
桔子理财,经纬中国,N/A,A轮,2014-06-01,http://if.pedaily.cn/invest/50006448.shtml
爱学贷,阿米巴资本，PartnerAngel伙伴创投戴志康,1000万人民币,天使投资,2014-05-31,http://if.pedaily.cn/invest/50006423.shtml
向上360/证大向上网络,国泰创投,N/A,A轮,2014-05-31,http://if.pedaily.cn/invest/50006391.shtml
易贷网,软银中国/软银集团,N/A,A轮,2014-05-29,http://if.pedaily.cn/invest/50006326.shtml
摩点网/摩点众筹,触控科技、真格基金、华谊兄弟,1000万人民币,天使投资,2014-05-22,http://if.pedaily.cn/invest/50006094.shtml
金融港/滚雪球财富,红杉资本中国,1000万美元,A轮,2014-05-21,http://if.pedaily.cn/invest/50006327.shtml
维金Vfinance,IDG资本,N/A,A轮,2014-05-01,http://if.pedaily.cn/invest/50006344.shtml
金斧子,红杉资本中国,1000万美元,A轮,2014-05-01,http://if.pedaily.cn/invest/50006306.shtml
桔子理财,险峰华兴,N/A,天使投资,2014-05-01,http://if.pedaily.cn/invest/50006424.shtml
365金融/世袭投资,未公开,1500万美元,A轮,2014-05-01,http://if.pedaily.cn/invest/50006412.shtml
比特帮,国富源投资,100万人民币,天使投资,2014-05-01,http://if.pedaily.cn/invest/50006043.shtml
天使客,德迅投资/曾李青,N/A,天使投资,2014-04-24,http://if.pedaily.cn/invest/50006095.shtml
VCHello微投网,易一天使,N/A,天使投资,2014-04-16,http://if.pedaily.cn/invest/50006411.shtml
Silvrr豆子科技,IDG资本,N/A,天使投资,2014-04-12,http://if.pedaily.cn/invest/50006433.shtml
有人贷/安信卓越,未公开,N/A,A轮,2014-04-01,http://if.pedaily.cn/invest/50006426.shtml
钱先生,盛大资本/盛大,1000万人民币,A轮,2014-04-01,http://if.pedaily.cn/invest/50006304.shtml
金融一号店/投融有道,东软集团Neusoft,1000万人民币,A轮,2014-04-01,http://if.pedaily.cn/invest/50006328.shtml
恒生电子,浙江融信马云,329939万人民币,并购,2014-04-01,http://if.pedaily.cn/invest/50006041.shtml
钱景财富,盛大资本/华山投资,N/A,A轮,2014-04-01,http://if.pedaily.cn/invest/50006021.shtml
融资方,投资机构,融资金额,轮次,投资时间,Url

e乐充,未公开,2000万人民币,A轮,2014-03-31,http://if.pedaily.cn/invest/50006354.shtml
币丰港/币丰支付,IDG资本,N/A,A轮,2014-03-31,http://if.pedaily.cn/invest/50006428.shtml
趣分期,梅花天使创投/吴世春,N/A,天使投资,2014-03-30,http://if.pedaily.cn/invest/50006027.shtml
OKcoin比特币/北京乐酷达,联创策源、荷多、乐搏资本等,1000万美元,A轮,2014-03-18,http://if.pedaily.cn/invest/50006084.shtml
联拓金融,联想之星,100万人民币,天使投资,2014-03-11,http://if.pedaily.cn/invest/50006105.shtml
火币网,红杉资本中国,1000万美元,A轮,2014-03-07,http://if.pedaily.cn/invest/50006034.shtml
真格贷/中融国金,中科招商,500万人民币,A轮,2014-03-07,http://if.pedaily.cn/invest/50006329.shtml
一路财富,国泰创投,1000万人民币,A轮,2014-03-05,http://if.pedaily.cn/invest/50006033.shtml
币付宝,BitFund.PE李笑来,N/A,天使投资,2014-03-01,http://if.pedaily.cn/invest/50006085.shtml
意时网,国泰君安力鼎,2500万人民币,天使投资,2014-03-01,http://if.pedaily.cn/invest/50006012.shtml
融卡科技,创业邦天使基金,N/A,天使投资,2014-03-01,http://if.pedaily.cn/invest/50006355.shtml
Mybank迈伴客,未公开,1000万人民币,天使投资,2014-03-01,http://if.pedaily.cn/invest/50006422.shtml
订单保/华甫达,真格基金,N/A,天使投资,2014-03-01,http://if.pedaily.cn/invest/50006425.shtml
账贷通/联拓金融,联想之星,N/A,天使投资,2014-03-01,http://if.pedaily.cn/invest/50006417.shtml
钱程网,未公开,N/A,天使投资,2014-03-01,http://if.pedaily.cn/invest/50006418.shtml
乐钱,未公开,N/A,天使投资,2014-03-01,http://if.pedaily.cn/invest/50006419.shtml
钱方,未公开,10000万人民币,B轮,2014-02-27,http://if.pedaily.cn/invest/50006321.shtml
大家投,不公开的投资者,300万人民币,A轮,2014-02-27,http://if.pedaily.cn/invest/50006018.shtml
积木盒子,银泰资本Ventech,1000万美元,A轮,2014-02-24,http://if.pedaily.cn/invest/50006349.shtml
钱小二,未公开,100万人民币,天使投资,2014-02-12,http://if.pedaily.cn/invest/50006330.shtml
融资方,投资机构,融资金额,轮次,投资时间,Url

融百科/上海沪谯金融,未公开,N/A,天使投资,2014-02-01,http://if.pedaily.cn/invest/50006336.shtml
小蚁BitAngelsClub,PreAngel/PA镭厉/PA鉴睿,N/A,天使投资,2014-02-01,http://if.pedaily.cn/invest/50006420.shtml
网融天下,未公开,N/A,天使投资,2014-02-01,http://if.pedaily.cn/invest/50006415.shtml
前隆金融,清科创投/恩惟资本,N/A,天使投资,2014-02-01,http://if.pedaily.cn/invest/50006015.shtml
牛股王,险峰华兴,N/A,天使投资,2014-02-01,http://if.pedaily.cn/invest/50006049.shtml
网利金融,IDG资本,1000万美元,A轮,2014-02-01,http://if.pedaily.cn/invest/50006050.shtml
Formax福亿,IDG资本/华创资本,N/A,A轮,2014-01-31,http://if.pedaily.cn/invest/50006054.shtml
中国量化投资网,华创资本,N/A,天使投资,2014-01-30,http://if.pedaily.cn/invest/50006427.shtml
顺付卡,PreAngel/荷多,150万人民币,天使投资,2014-01-07,http://if.pedaily.cn/invest/50006028.shtml
钜派投资,新浪微博基金/景林投资,N/A,B轮,2014-01-01,http://if.pedaily.cn/invest/50006056.shtml
掌上汇通,IDG资本/险峰华兴,15000万人民币,A轮,2014-01-01,http://if.pedaily.cn/invest/50006058.shtml
东方睿赢,不公开的投资者,N/A,A轮,2014-01-01,http://if.pedaily.cn/invest/50006051.shtml
汇众财富,不公开的投资者,N/A,天使投资,2014-01-01,http://if.pedaily.cn/invest/50006052.shtml
锐博汇通,IDG资本,200万美元,A轮,2014-01-01,http://if.pedaily.cn/invest/50006086.shtml
AngelCrunch天使汇,天津国有PE,N/A,A轮,2014-01-01,http://if.pedaily.cn/invest/50006096.shtml
恩牛网络,SIG海纳亚洲/清流资本,1500万美元,A轮,2014-01-01,http://if.pedaily.cn/invest/50006066.shtml
乐童音乐,不公开的投资者,100万人民币,天使投资,2014-01-01,http://if.pedaily.cn/invest/50006020.shtml
宽谷奥立安,北京中海投资,N/A,天使投资,2014-01-01,http://if.pedaily.cn/invest/50006106.shtml
安硕信息Amarsoft,未透露的投资人,N/A,上市,2014-01-01,http://if.pedaily.cn/invest/50006107.shtml
爱投资/安投融,中援应急,N/A,A轮,2014-01-01,http://if.pedaily.cn/invest/50006099.shtml
融资方,投资机构,融资金额,轮次,投资时间,Url

点心贷/点心科技,NextBig三万弘合投资/3W创业基金,N/A,天使投资,2014-01-01,http://if.pedaily.cn/invest/50006421.shtml
鑫银国际,红杉资本中国,N/A,A轮,2014-01-01,http://if.pedaily.cn/invest/50006404.shtml
财富说/财富达人网络,未公开,N/A,天使投资,2014-01-01,http://if.pedaily.cn/invest/50006407.shtml
凤凰云科技/飞付卡,未公开,N/A,A轮,2014-01-01,http://if.pedaily.cn/invest/50006356.shtml
点融网,北极光创投,N/A,N/A,2013-12-20,http://if.pedaily.cn/invest/50004000.shtml
点名时间,经纬中国、英特尔投资,450万美元,A轮,2013-12-17,http://if.pedaily.cn/invest/50006022.shtml
Coinbase,Andreessen Horowitz,2500万美元,B轮,2013-12-12,http://if.pedaily.cn/invest/50002000.shtml
上海魔卡,银杏谷投资,N/A,天使投资,2013-12-01,http://if.pedaily.cn/invest/50006060.shtml
好买基金网/好买财富,腾讯产业共赢基金/腾讯,N/A,B轮,2013-12-01,http://if.pedaily.cn/invest/50006337.shtml
金融派/予墨信息,未公开,N/A,天使投资,2013-12-01,http://if.pedaily.cn/invest/50006338.shtml
wPay微派支付,未公开,N/A,A轮,2013-12-01,http://if.pedaily.cn/invest/50006333.shtml
铜板街,IDG资本,1000万美元,A轮,2013-11-30,http://if.pedaily.cn/invest/50006007.shtml
有利网,软银中国/软银集团,1000万美元,A轮,2013-11-01,http://if.pedaily.cn/invest/187.shtml
拍拍贷,阿里巴巴/阿里资本,3500万美元,B轮,2013-11-01,http://if.pedaily.cn/invest/193.shtml
比特币中国/上海萨图西网络,光速安振/光速创投,500万美元,A轮,2013-11-01,http://if.pedaily.cn/invest/203.shtml
火币网,真格基金,100万人民币,天使投资,2013-11-01,http://if.pedaily.cn/invest/50006035.shtml
CreditBit信用币,appWorks之初创投,N/A,天使投资,2013-11-01,http://if.pedaily.cn/invest/50006357.shtml
华腾数据,汇付天下,N/A,并购,2013-11-01,http://if.pedaily.cn/invest/50006359.shtml
51贷/五一贷金融,德迅投资/曾李青，架桥投资,N/A,天使投资,2013-10-30,http://if.pedaily.cn/invest/50006408.shtml
91金融,经纬中国/宽带资本/九合创投,6000万人民币,A轮,2013-10-24,http://if.pedaily.cn/invest/50006063.shtml
融资方,投资机构,融资金额,轮次,投资时间,Url

新工场投资,华创资本,100万人民币,天使投资,2013-10-01,http://if.pedaily.cn/invest/50006064.shtml
云币,BitFund.PE李笑来,N/A,天使投资,2013-10-01,http://if.pedaily.cn/invest/50006087.shtml
EMIE亿觅创意网,景林投资/景林资产,N/A,A轮,2013-10-01,http://if.pedaily.cn/invest/222.shtml
91贷款网,"经纬中国,宽带资本CBC",6000万人民币,A轮,2013-10-01,http://if.pedaily.cn/invest/225.shtml
上海瀚银科技/手付通,N/A,N/A,N/A,2013-10-01,http://if.pedaily.cn/invest/231.shtml
上海承泰信息/承泰无线移动传媒,上海永宣,N/A,A轮,2013-10-01,http://if.pedaily.cn/invest/237.shtml
挖财,鼎晖投资,300万美元,A轮,2013-10-01,http://if.pedaily.cn/invest/257.shtml
上海承泰信息/承泰无线移动传媒,上海永宣,N/A,A轮,2013-10-01,http://if.pedaily.cn/invest/267.shtml
99无限/上海瀚银,未透漏的投资人,N/A,上市,2013-10-01,http://if.pedaily.cn/invest/50006108.shtml
奇点集/奇点创投,海银资本,N/A,天使投资,2013-10-01,http://if.pedaily.cn/invest/50006379.shtml
哆啦宝,未公开,N/A,A轮,2013-10-01,http://if.pedaily.cn/invest/50006334.shtml
扑满Puman,TMI台湾创意工场,N/A,天使投资,2013-10-01,http://if.pedaily.cn/invest/50006307.shtml
银讯网,盛大资本,100万人民币,天使投资,2013-10-01,http://if.pedaily.cn/invest/50006308.shtml
易九金融,易一天使,N/A,天使投资,2013-09-29,http://if.pedaily.cn/invest/50006409.shtml
思创银联,宽带资本,1500万人民币,并购,2013-09-20,http://if.pedaily.cn/invest/50006109.shtml
挖财,IDG资本,N/A,A轮,2013-09-01,http://if.pedaily.cn/invest/307.shtml
大家保,启明创投,N/A,A轮,2013-09-01,http://if.pedaily.cn/invest/344.shtml
挖财,IDG资本/鼎晖创投 /启明创投,3000万美元,A轮,2013-09-01,http://if.pedaily.cn/invest/50006047.shtml
随手科技,红杉资本,N/A,A+,2013-09-01,http://if.pedaily.cn/invest/50006068.shtml
大众卡惠,英诺天使基金/厚德创新谷,N/A,天使投资,2013-09-01,http://if.pedaily.cn/invest/50006071.shtml
融资方,投资机构,融资金额,轮次,投资时间,Url

币行/友聚惠,IDG资本,N/A,A轮,2013-09-01,http://if.pedaily.cn/invest/50006402.shtml
微财网/大简信息,未公开,200万人民币,天使投资,2013-09-01,http://if.pedaily.cn/invest/50006310.shtml
基金豆,华创资本,N/A,天使投资,2013-09-01,http://if.pedaily.cn/invest/50006339.shtml
19pay一九付/高阳捷迅,高鸿股份,81400万人民币,并购,2013-09-01,http://if.pedaily.cn/invest/50006360.shtml
财豹,创业基金会/创业接力天使,N/A,天使投资,2013-08-01,http://if.pedaily.cn/invest/50006403.shtml
上海捷银支付,中国平安/平安创新投资基金,N/A,N/A,2013-08-01,http://if.pedaily.cn/invest/375.shtml
点融网,北极光创投,N/A,A轮,2013-08-01,http://if.pedaily.cn/invest/412.shtml
盈盈理财,N/A,N/A,A轮,2013-08-01,http://if.pedaily.cn/invest/419.shtml
盈盈理财,联创策源,2000万人民币,A轮,2013-08-01,http://if.pedaily.cn/invest/50006073.shtml
融360,红杉资本中国、清科创投、光速创投、凯鹏华盈,3000万美元,B轮,2013-07-22,http://if.pedaily.cn/invest/50006318.shtml
好贷网,红杉资本中国,1000万人民币,A轮,2013-07-01,http://if.pedaily.cn/invest/50006319.shtml
MEIX美市网,创业工场VenturesLab,N/A,天使投资,2013-07-01,http://if.pedaily.cn/invest/50006320.shtml
盒子支付,金沙江创投、国微技术,1000万美元,B轮,2013-07-01,http://if.pedaily.cn/invest/50006362.shtml
好项目,未公开,N/A,天使投资,2013-07-01,http://if.pedaily.cn/invest/50006397.shtml
好贷网/心向优势,DCM中国，同创伟业,N/A,A轮,2013-07-01,http://if.pedaily.cn/invest/50006399.shtml
上海诚数信息科技有限公司,未透露的投资人,N/A,天使投资,2013-07-01,http://if.pedaily.cn/invest/50006110.shtml
雪球,"红杉资本,晨兴创投,MorningSide",1000万美元,B轮,2013-06-01,http://if.pedaily.cn/invest/88.shtml
盈盈理财,不公开的投资者,100万人民币,天使投资,2013-06-01,http://if.pedaily.cn/invest/50006072.shtml
股360,凯旋创投,N/A,B轮,2013-06-01,http://if.pedaily.cn/invest/50006075.shtml
比特币交易网,未透露的投资人,100万美元,天使投资,2013-05-01,http://if.pedaily.cn/invest/50006088.shtml
融资方,投资机构,融资金额,轮次,投资时间,Url

杭州捷蓝信息,深圳市创新投资集团(深创投),N/A,A轮,2013-05-01,http://if.pedaily.cn/invest/123.shtml
BtcTrade比特币交易网,未公开,100万美元,天使投资,2013-05-01,http://if.pedaily.cn/invest/50006398.shtml
金电联行,国科嘉和,N/A,A轮,2013-04-27,http://if.pedaily.cn/invest/50006410.shtml
哆啦宝,真格基金,N/A,天使投资,2013-03-12,http://if.pedaily.cn/invest/50006335.shtml
点融网,上海致景投资,N/A,天使投资,2013-03-01,http://if.pedaily.cn/invest/50006350.shtml
好贷网/心向优势,合力投资,N/A,天使投资,2013-03-01,http://if.pedaily.cn/invest/50006400.shtml
锐博汇通,IDG资本,100万人民币,天使投资,2013-03-01,http://if.pedaily.cn/invest/50006089.shtml
速溶360,未透露的投资人,N/A,天使投资,2013-03-01,http://if.pedaily.cn/invest/50006100.shtml
OKcoin比特币/北京乐酷达,创业工场VenturesLab,100万美元,天使投资,2013-02-01,http://if.pedaily.cn/invest/50006090.shtml
雅酷时空,天图资本、未知投资者,7000万人民币,B轮,2013-02-01,http://if.pedaily.cn/invest/50006038.shtml
多钱网,不公开的投资者,N/A,A轮,2013-02-01,http://if.pedaily.cn/invest/50006024.shtml
OKcoin比特币/北京乐酷达,创业工场VenturesLab,100万美元,N/A,2013-02-01,http://if.pedaily.cn/invest/550.shtml
比特007,未公开,80万美元,天使投资,2013-02-01,http://if.pedaily.cn/invest/50006384.shtml
维信理财,未公开,N/A,A轮,2013-01-30,http://if.pedaily.cn/invest/50006395.shtml
RippleCN锐博汇通科技,未公开,N/A,天使投资,2013-01-01,http://if.pedaily.cn/invest/50006388.shtml
卡小二,蓝驰创投,N/A,A轮,2013-01-01,http://if.pedaily.cn/invest/670.shtml
铜板街,华创资本,N/A,天使投资,2013-01-01,http://if.pedaily.cn/invest/50006008.shtml
大家投,创新谷Innovalley,N/A,天使投资,2013-01-01,http://if.pedaily.cn/invest/50006023.shtml
钱方,红杉资本中国,N/A,A轮,2013-01-01,http://if.pedaily.cn/invest/50006039.shtml
有利网,鼎晟天平投资,N/A,天使投资,2013-01-01,http://if.pedaily.cn/invest/50006101.shtml
融资方,投资机构,融资金额,轮次,投资时间,Url

卡小二,蓝驰创投,N/A,A轮,2013-01-01,http://if.pedaily.cn/invest/50006078.shtml
好买基金网,君联资本/联想投资,N/A,A轮,2012-12-01,http://if.pedaily.cn/invest/710.shtml
8Securities,N/A,300万美元,B轮,2012-12-01,http://if.pedaily.cn/invest/720.shtml
PosPal银豹收银系统,真格基金,N/A,pre-A轮,2012-12-01,http://if.pedaily.cn/invest/751.shtml
e家保险网/亿保网络,凯辉私募股权投资基金,1000万美元,天使投资,2012-12-01,http://if.pedaily.cn/invest/50006382.shtml
旺POS,IDG资本,400万美元,A轮,2012-11-01,http://if.pedaily.cn/invest/50006390.shtml
壹卡会,中国平安/平安创新投资基金,N/A,N/A,2012-11-01,http://if.pedaily.cn/invest/760.shtml
美家付,起点创业营,N/A,N/A,2012-11-01,http://if.pedaily.cn/invest/768.shtml
51信用卡,"华映资本,薛蛮子",600万人民币,N/A,2012-11-01,http://if.pedaily.cn/invest/771.shtml
壹卡会,中国平安/平安创新投资基金,N/A,N/A,2012-11-01,http://if.pedaily.cn/invest/775.shtml
51信用卡,"华映资本,薛蛮子",600万人民币,N/A,2012-11-01,http://if.pedaily.cn/invest/782.shtml
恩牛网络,华映资本/薛蛮子,600万人民币,天使投资,2012-11-01,http://if.pedaily.cn/invest/50006065.shtml
九次方大数据,IDG资本，博信资本,N/A,A轮,2012-10-31,http://if.pedaily.cn/invest/50006367.shtml
华夏通宝,创东方投资,N/A,A轮,2012-10-01,http://if.pedaily.cn/invest/50006387.shtml
拍拍贷,红杉资本,2500万美元,A轮,2012-09-01,http://if.pedaily.cn/invest/861.shtml
通付盾,N/A,N/A,A轮,2012-08-01,http://if.pedaily.cn/invest/889.shtml
她理财,华创资本,N/A,N/A,2012-08-01,http://if.pedaily.cn/invest/891.shtml
她理财,华创资本,N/A,天使投资,2012-08-01,http://if.pedaily.cn/invest/50006013.shtml
她理财,华创资本,N/A,天使投资,2012-08-01,
樱桃派/九樱天下,国富源投资,N/A,天使投资,2012-07-01,http://if.pedaily.cn/invest/50006365.shtml
融资方,投资机构,融资金额,轮次,投资时间,Url

樱桃派/九樱天下,国富源投资,N/A,天使投资,2012-07-01,
金斧子,德迅投资/曾李青，架桥投资,N/A,天使投资,2012-07-01,http://if.pedaily.cn/invest/50006305.shtml
融360,KPCB 凯鹏华盈，清科创投，光速安振/光速创投,700万美元,A轮,2012-03-01,http://if.pedaily.cn/invest/50006331.shtml
融360,KPCB 凯鹏华盈，清科创投，光速安振/光速创投,700万美元,A轮,2012-03-01,
钜派投资,清科创投/易居中国,N/A,A轮,2012-03-01,http://if.pedaily.cn/invest/50006057.shtml
掌上汇通,华创资本,N/A,天使投资,2012-01-01,http://if.pedaily.cn/invest/50006059.shtml
保险e超市/亿保网络,宽带资本CBC,N/A,N/A,2012-01-01,http://if.pedaily.cn/invest/488.shtml
投投是道,N/A,N/A,N/A,2012-01-01,http://if.pedaily.cn/invest/497.shtml
融和友信,华创资本,N/A,天使投资,2012-01-01,http://if.pedaily.cn/invest/50006340.shtml
融和友信,华创资本,N/A,天使投资,2012-01-01,
资信客,华创资本,N/A,A轮,2012-01-01,http://if.pedaily.cn/invest/50006386.shtml
百付天下/上海翰鑫,集富亚洲JAFCO,N/A,B轮,2012-01-01,http://if.pedaily.cn/invest/50006378.shtml
8Securities,未公开,800万美元,A轮,2012-01-01,http://if.pedaily.cn/invest/50006302.shtml
创投圈,"创新工场,真格基金,薛蛮子",N/A,N/A,2011-12-01,http://if.pedaily.cn/invest/1418.shtml
股360,经纬中国,N/A,A轮,2011-12-01,http://if.pedaily.cn/invest/50006076.shtml
数米基金网,N/A,N/A,A轮,2011-11-01,http://if.pedaily.cn/invest/1455.shtml
数米基金网,N/A,N/A,A轮,2011-11-01,http://if.pedaily.cn/invest/1462.shtml
数米基金网,N/A,N/A,A轮,2011-11-01,http://if.pedaily.cn/invest/1470.shtml
通付盾,未公开,N/A,天使投资,2011-11-01,http://if.pedaily.cn/invest/50006376.shtml
租房宝,华瓯创投,N/A,A轮,2011-11-01,http://if.pedaily.cn/invest/50006383.shtml
融资方,投资机构,融资金额,轮次,投资时间,Url

宜信,"IDG资本,KPCB 凯鹏华盈",N/A,B轮,2011-10-01,http://if.pedaily.cn/invest/1487.shtml
宜信,"IDG资本,KPCB 凯鹏华盈",N/A,B轮,2011-10-01,http://if.pedaily.cn/invest/1508.shtml
91金融,经纬中国/蓝驰创投/九合创投,N/A,天使投资,2011-10-01,http://if.pedaily.cn/invest/50006061.shtml
火球网/北京玄铁科技,经纬中国,N/A,A轮,2011-10-01,http://if.pedaily.cn/invest/50006097.shtml
火球网/北京玄铁科技,经纬中国,N/A,A轮,2011-10-01,
易优客/易宝支付,N/A,N/A,N/A,2011-09-01,http://if.pedaily.cn/invest/1523.shtml
易宝支付,TA Associates　远东宏信,N/A,C轮,2011-09-01,http://if.pedaily.cn/invest/50006380.shtml
拍拍贷,未公开,N/A,天使投资,2011-08-01,http://if.pedaily.cn/invest/50006369.shtml
上海航运运价交易SSEFC,天图资本,N/A,A轮,2011-08-01,http://if.pedaily.cn/invest/50006385.shtml
展恒理财,优点资本VantagePoint,N/A,A轮,2011-07-01,http://if.pedaily.cn/invest/50006377.shtml
乐刷/移卡科技,Infinity Venture Partners/IVP,N/A,N/A,2011-07-01,http://if.pedaily.cn/invest/1591.shtml
挖财,阿米巴资本,1000万人民币,N/A,2011-06-01,http://if.pedaily.cn/invest/1602.shtml
雪球,红杉资本,2000万人民币,A轮,2011-06-01,http://if.pedaily.cn/invest/1614.shtml
挖财,阿米巴资本,1000万人民币,N/A,2011-06-01,http://if.pedaily.cn/invest/1617.shtml
挖财,阿米巴资本,1000万人民币,N/A,2011-06-01,http://if.pedaily.cn/invest/1622.shtml
挖财,阿米巴资本,1000万人民币,天使投资,2011-06-01,http://if.pedaily.cn/invest/50006046.shtml
雪球财经,薛蛮子　明势资本,N/A,天使投资,2011-06-01,http://if.pedaily.cn/invest/50006374.shtml
融时代,蓝驰创投,N/A,B轮,2011-05-01,http://if.pedaily.cn/invest/1641.shtml
上海瀚银科技/手付通,N/A,N/A,B轮,2011-03-01,http://if.pedaily.cn/invest/1676.shtml
上海瀚银科技/手付通,N/A,N/A,B轮,2011-03-01,http://if.pedaily.cn/invest/1687.shtml
融资方,投资机构,融资金额,轮次,投资时间,Url

大童网,华平投资,41800万人民币,N/A,2011-03-01,http://if.pedaily.cn/invest/1688.shtml
酷皮,appWorks之初创投,N/A,天使投资,2011-01-01,http://if.pedaily.cn/invest/1709.shtml
上海寰融信息GFT,优点资本VantagePoint,N/A,A轮,2011-01-01,http://if.pedaily.cn/invest/1167.shtml
融道网,不公开的投资者,100万美元,天使投资,2011-01-01,http://if.pedaily.cn/invest/50006081.shtml
天使汇,未公开,N/A,天使投资,2011-01-01,http://if.pedaily.cn/invest/50006381.shtml
19pay一九付/高阳捷迅,红杉资本中国，清科创投,N/A,A轮,2010-10-01,http://if.pedaily.cn/invest/50006361.shtml
人人贷,弘合基金/东方弘道资本,N/A,天使投资,2010-06-01,http://if.pedaily.cn/invest/50006375.shtml
人人贷,弘合基金,N/A,N/A,2010-06-01,http://if.pedaily.cn/invest/1258.shtml
宜信,KPCB 凯鹏华盈,1000万美元,A轮,2010-04-01,http://if.pedaily.cn/invest/1277.shtml
百付天下/上海翰鑫,挚信资本,N/A,A轮,2010-03-01,http://if.pedaily.cn/invest/1289.shtml
数银在线,N/A,5000万人民币,A轮,2010-01-01,http://if.pedaily.cn/invest/1305.shtml
数银在线,N/A,5000万人民币,A轮,2010-01-01,http://if.pedaily.cn/invest/1328.shtml
随手科技,未公开,N/A,天使投资,2010-01-01,http://if.pedaily.cn/invest/1119.shtml
上海银商资讯,中信产业基金,N/A,A轮,2010-01-01,http://if.pedaily.cn/invest/50006389.shtml
99无限/上海瀚银,深圳市创新投资集团(深创投),N/A,A轮,2010-01-01,http://if.pedaily.cn/invest/50006373.shtml
融时代,蓝驰创投,N/A,A轮,2008-08-01,http://if.pedaily.cn/invest/1745.shtml
信用宝,"SIG海纳亚洲,软银中国/软银集团",1000万美元,B轮,2007-07-01,http://if.pedaily.cn/invest/1777.shtml
融时代,N/A,N/A,N/A,2007-01-01,http://if.pedaily.cn/invest/1786.shtml
上海捷银支付,N/A,1000万美元,D轮,2006-12-01,http://if.pedaily.cn/invest/1789.shtml
易优客/易宝支付,"英特尔投资Intel Capital,DFJ德丰杰",N/A,A轮,2006-09-01,http://if.pedaily.cn/invest/1794.shtml
融资方,投资机构,融资金额,轮次,投资时间,Url

信用宝,SIG海纳亚洲,N/A,A轮,2006-08-01,http://if.pedaily.cn/invest/1795.shtml
中天嘉华,纪源资本GGV,N/A,B轮,2005-12-01,http://if.pedaily.cn/invest/1811.shtml
信用宝,未公开,105万人民币,天使投资,2005-12-01,http://if.pedaily.cn/invest/50006368.shtml
上海捷银支付,N/A,2000万美元,C轮,2005-09-01,http://if.pedaily.cn/invest/1814.shtml
快钱支付,DCM中国,N/A,A轮,2005-08-12,http://if.pedaily.cn/invest/50006353.shtml
中天嘉华,KPCB 凯鹏华盈,N/A,A轮,2004-12-01,http://if.pedaily.cn/invest/50006036.shtml
中天嘉华,KPCB 凯鹏华盈,N/A,A轮,2004-12-01,
上海捷银支付,未公开,6500万人民币,B轮,2004-07-01,http://if.pedaily.cn/invest/50006352.shtml
成都财智软件,用友幸福投资/用友,N/A,A轮,2000-05-01,http://if.pedaily.cn/invest/50006351.shtml
Coinbase,IDG,10万美元,天使投资,0001-01-01,http://if.pedaily.cn/invest/50002001.shtml
Coinbase,Union SquareVentures,500万美元,A轮,0001-01-01,http://if.pedaily.cn/invest/50002002.shtml
网贷之家,深圳市创东方投资有限公司,N/A,A轮,0001-01-01,http://if.pedaily.cn/invest/50005000.shtml
人人贷,挚信资本,N/A,A轮,0001-01-01,http://if.pedaily.cn/invest/50006000.shtml
